x,y,id,timestamp
481.0,481.0,1-1,2023-01-23 09:04:44.557328
481.0,481.0,1-1,2023-01-23 09:04:46.001204
481.0,481.0,1-1,2023-01-23 09:04:46.003298
481.0,481.0,1-1,2023-01-23 09:04:47.248473
481.0,481.0,1-1,2023-01-23 09:04:47.249853
483.0,482.0,1-1,2023-01-23 09:04:47.251490
481.0,481.0,1-1,2023-01-23 09:04:48.336384
481.0,481.0,1-1,2023-01-23 09:04:48.338275
483.0,482.0,1-1,2023-01-23 09:04:48.341869
481.0,483.0,1-1,2023-01-23 09:04:48.346868
481.0,481.0,1-3,2023-01-23 09:04:49.490345
481.0,481.0,1-3,2023-01-23 09:04:49.492179
483.0,482.0,1-3,2023-01-23 09:04:49.495595
481.0,483.0,1-3,2023-01-23 09:04:49.499995
482.0,483.0,1-3,2023-01-23 09:04:49.505991
481.0,481.0,1-3,2023-01-23 09:04:50.936304
481.0,481.0,1-3,2023-01-23 09:04:50.939874
483.0,482.0,1-3,2023-01-23 09:04:50.943142
481.0,483.0,1-3,2023-01-23 09:04:50.946047
482.0,483.0,1-3,2023-01-23 09:04:50.956990
481.0,483.0,1-3,2023-01-23 09:04:50.986920
323.0,478.0,2-1,2023-01-23 09:04:52.220634
323.0,478.0,2-1,2023-01-23 09:04:52.280261
329.0,470.0,2-1,2023-01-23 09:04:52.284954
323.0,478.0,2-1,2023-01-23 09:04:52.339017
329.0,470.0,2-1,2023-01-23 09:04:52.340944
332.0,468.0,2-1,2023-01-23 09:04:52.346210
323.0,478.0,2-1,2023-01-23 09:04:52.544003
329.0,470.0,2-1,2023-01-23 09:04:52.546391
332.0,468.0,2-1,2023-01-23 09:04:52.548473
333.0,469.0,2-1,2023-01-23 09:04:52.557856
337.0,397.0,3-1,2023-01-23 09:04:52.564766
323.0,478.0,2-1,2023-01-23 09:04:52.663772
329.0,470.0,2-1,2023-01-23 09:04:52.665864
332.0,468.0,2-1,2023-01-23 09:04:52.667309
333.0,469.0,2-1,2023-01-23 09:04:52.669012
331.0,470.0,2-1,2023-01-23 09:04:52.670413
337.0,397.0,3-1,2023-01-23 09:04:52.672948
348.0,388.0,3-1,2023-01-23 09:04:52.676352
323.0,478.0,2-1,2023-01-23 09:04:52.796088
329.0,470.0,2-1,2023-01-23 09:04:52.798025
332.0,468.0,2-1,2023-01-23 09:04:52.803619
333.0,469.0,2-1,2023-01-23 09:04:52.808028
331.0,470.0,2-1,2023-01-23 09:04:52.819270
332.0,470.0,2-1,2023-01-23 09:04:52.824531
337.0,397.0,3-1,2023-01-23 09:04:52.832008
348.0,388.0,3-1,2023-01-23 09:04:52.838137
358.0,383.0,3-1,2023-01-23 09:04:52.839642
323.0,478.0,2-1,2023-01-23 09:04:52.945807
329.0,470.0,2-1,2023-01-23 09:04:52.948482
332.0,468.0,2-1,2023-01-23 09:04:52.959523
333.0,469.0,2-1,2023-01-23 09:04:52.961732
331.0,470.0,2-1,2023-01-23 09:04:52.964167
332.0,470.0,2-1,2023-01-23 09:04:52.967907
332.0,469.0,2-1,2023-01-23 09:04:52.970763
337.0,397.0,3-1,2023-01-23 09:04:52.973159
348.0,388.0,3-1,2023-01-23 09:04:52.976288
358.0,383.0,3-1,2023-01-23 09:04:52.979661
376.0,373.0,3-1,2023-01-23 09:04:52.981969
323.0,478.0,2-1,2023-01-23 09:04:53.059215
329.0,470.0,2-1,2023-01-23 09:04:53.061788
332.0,468.0,2-1,2023-01-23 09:04:53.066533
333.0,469.0,2-1,2023-01-23 09:04:53.080201
331.0,470.0,2-1,2023-01-23 09:04:53.084145
332.0,470.0,2-1,2023-01-23 09:04:53.107954
332.0,469.0,2-1,2023-01-23 09:04:53.122132
332.0,469.0,2-1,2023-01-23 09:04:53.129945
337.0,397.0,3-1,2023-01-23 09:04:53.134274
348.0,388.0,3-1,2023-01-23 09:04:53.139160
358.0,383.0,3-1,2023-01-23 09:04:53.142299
376.0,373.0,3-1,2023-01-23 09:04:53.145819
401.0,356.0,3-1,2023-01-23 09:04:53.148615
323.0,478.0,2-1,2023-01-23 09:04:53.273748
329.0,470.0,2-1,2023-01-23 09:04:53.275985
332.0,468.0,2-1,2023-01-23 09:04:53.277382
333.0,469.0,2-1,2023-01-23 09:04:53.279735
331.0,470.0,2-1,2023-01-23 09:04:53.282894
332.0,470.0,2-1,2023-01-23 09:04:53.301431
332.0,469.0,2-1,2023-01-23 09:04:53.307930
332.0,469.0,2-1,2023-01-23 09:04:53.329698
331.0,469.0,2-1,2023-01-23 09:04:53.347979
337.0,397.0,3-1,2023-01-23 09:04:53.353787
348.0,388.0,3-1,2023-01-23 09:04:53.368704
358.0,383.0,3-1,2023-01-23 09:04:53.387486
376.0,373.0,3-1,2023-01-23 09:04:53.390468
401.0,356.0,3-1,2023-01-23 09:04:53.394358
403.0,353.0,3-1,2023-01-23 09:04:53.395971
323.0,478.0,2-1,2023-01-23 09:04:53.433708
329.0,470.0,2-1,2023-01-23 09:04:53.439063
332.0,468.0,2-1,2023-01-23 09:04:53.441461
333.0,469.0,2-1,2023-01-23 09:04:53.448981
331.0,470.0,2-1,2023-01-23 09:04:53.460004
332.0,470.0,2-1,2023-01-23 09:04:53.464412
332.0,469.0,2-1,2023-01-23 09:04:53.470630
332.0,469.0,2-1,2023-01-23 09:04:53.476145
331.0,469.0,2-1,2023-01-23 09:04:53.482387
332.0,469.0,2-1,2023-01-23 09:04:53.488304
337.0,397.0,3-1,2023-01-23 09:04:53.496614
348.0,388.0,3-1,2023-01-23 09:04:53.505589
358.0,383.0,3-1,2023-01-23 09:04:53.512246
376.0,373.0,3-1,2023-01-23 09:04:53.520049
401.0,356.0,3-1,2023-01-23 09:04:53.535894
403.0,353.0,3-1,2023-01-23 09:04:53.541610
414.0,351.0,3-1,2023-01-23 09:04:53.546507
323.0,478.0,2-1,2023-01-23 09:04:53.600138
329.0,470.0,2-1,2023-01-23 09:04:53.603618
332.0,468.0,2-1,2023-01-23 09:04:53.612116
333.0,469.0,2-1,2023-01-23 09:04:53.623306
331.0,470.0,2-1,2023-01-23 09:04:53.625528
332.0,470.0,2-1,2023-01-23 09:04:53.628259
332.0,469.0,2-1,2023-01-23 09:04:53.636116
332.0,469.0,2-1,2023-01-23 09:04:53.643291
331.0,469.0,2-1,2023-01-23 09:04:53.650853
332.0,469.0,2-1,2023-01-23 09:04:53.656835
332.0,469.0,2-1,2023-01-23 09:04:53.676547
337.0,397.0,3-2,2023-01-23 09:04:53.680629
348.0,388.0,3-2,2023-01-23 09:04:53.686968
358.0,383.0,3-2,2023-01-23 09:04:53.692295
376.0,373.0,3-2,2023-01-23 09:04:53.711919
401.0,356.0,3-2,2023-01-23 09:04:53.717467
403.0,353.0,3-2,2023-01-23 09:04:53.741262
414.0,351.0,3-2,2023-01-23 09:04:53.755187
420.0,346.0,3-2,2023-01-23 09:04:53.761826
323.0,478.0,2-1,2023-01-23 09:04:53.787573
329.0,470.0,2-1,2023-01-23 09:04:53.792357
332.0,468.0,2-1,2023-01-23 09:04:53.806253
333.0,469.0,2-1,2023-01-23 09:04:53.810704
331.0,470.0,2-1,2023-01-23 09:04:53.831769
332.0,470.0,2-1,2023-01-23 09:04:53.847053
332.0,469.0,2-1,2023-01-23 09:04:53.849034
332.0,469.0,2-1,2023-01-23 09:04:53.867137
331.0,469.0,2-1,2023-01-23 09:04:53.869282
332.0,469.0,2-1,2023-01-23 09:04:53.873131
332.0,469.0,2-1,2023-01-23 09:04:53.879115
332.0,470.0,2-1,2023-01-23 09:04:53.880994
337.0,397.0,3-2,2023-01-23 09:04:53.888065
348.0,388.0,3-2,2023-01-23 09:04:53.891612
358.0,383.0,3-2,2023-01-23 09:04:53.895610
376.0,373.0,3-2,2023-01-23 09:04:53.897529
401.0,356.0,3-2,2023-01-23 09:04:53.903573
403.0,353.0,3-2,2023-01-23 09:04:53.906940
414.0,351.0,3-2,2023-01-23 09:04:53.914202
420.0,346.0,3-2,2023-01-23 09:04:53.915326
434.0,341.0,3-2,2023-01-23 09:04:53.924266
323.0,478.0,2-1,2023-01-23 09:04:53.957045
329.0,470.0,2-1,2023-01-23 09:04:53.977691
332.0,468.0,2-1,2023-01-23 09:04:53.984609
333.0,469.0,2-1,2023-01-23 09:04:53.992887
331.0,470.0,2-1,2023-01-23 09:04:54.002716
332.0,470.0,2-1,2023-01-23 09:04:54.009991
332.0,469.0,2-1,2023-01-23 09:04:54.014017
332.0,469.0,2-1,2023-01-23 09:04:54.029821
331.0,469.0,2-1,2023-01-23 09:04:54.036839
332.0,469.0,2-1,2023-01-23 09:04:54.040944
332.0,469.0,2-1,2023-01-23 09:04:54.046753
332.0,470.0,2-1,2023-01-23 09:04:54.055303
332.0,470.0,2-1,2023-01-23 09:04:54.062864
337.0,397.0,3-2,2023-01-23 09:04:54.073322
348.0,388.0,3-2,2023-01-23 09:04:54.081139
358.0,383.0,3-2,2023-01-23 09:04:54.088109
376.0,373.0,3-2,2023-01-23 09:04:54.093060
401.0,356.0,3-2,2023-01-23 09:04:54.096810
403.0,353.0,3-2,2023-01-23 09:04:54.109359
414.0,351.0,3-2,2023-01-23 09:04:54.120421
420.0,346.0,3-2,2023-01-23 09:04:54.127240
434.0,341.0,3-2,2023-01-23 09:04:54.136791
451.0,334.0,3-2,2023-01-23 09:04:54.150908
323.0,478.0,2-1,2023-01-23 09:04:54.206662
329.0,470.0,2-1,2023-01-23 09:04:54.228619
332.0,468.0,2-1,2023-01-23 09:04:54.231669
333.0,469.0,2-1,2023-01-23 09:04:54.235167
331.0,470.0,2-1,2023-01-23 09:04:54.238745
332.0,470.0,2-1,2023-01-23 09:04:54.241846
332.0,469.0,2-1,2023-01-23 09:04:54.274644
332.0,469.0,2-1,2023-01-23 09:04:54.284136
331.0,469.0,2-1,2023-01-23 09:04:54.290159
332.0,469.0,2-1,2023-01-23 09:04:54.310021
332.0,469.0,2-1,2023-01-23 09:04:54.321310
332.0,470.0,2-1,2023-01-23 09:04:54.331002
332.0,470.0,2-1,2023-01-23 09:04:54.336144
332.0,470.0,2-1,2023-01-23 09:04:54.354032
337.0,397.0,3-2,2023-01-23 09:04:54.369234
348.0,388.0,3-2,2023-01-23 09:04:54.380097
358.0,383.0,3-2,2023-01-23 09:04:54.390099
376.0,373.0,3-2,2023-01-23 09:04:54.399720
401.0,356.0,3-2,2023-01-23 09:04:54.419612
403.0,353.0,3-2,2023-01-23 09:04:54.423530
414.0,351.0,3-2,2023-01-23 09:04:54.429462
420.0,346.0,3-2,2023-01-23 09:04:54.434734
434.0,341.0,3-2,2023-01-23 09:04:54.452061
451.0,334.0,3-2,2023-01-23 09:04:54.469348
468.0,330.0,3-2,2023-01-23 09:04:54.477207
323.0,478.0,2-2,2023-01-23 09:04:54.506424
329.0,470.0,2-2,2023-01-23 09:04:54.509230
332.0,468.0,2-2,2023-01-23 09:04:54.515853
333.0,469.0,2-2,2023-01-23 09:04:54.530504
331.0,470.0,2-2,2023-01-23 09:04:54.552747
332.0,470.0,2-2,2023-01-23 09:04:54.567908
332.0,469.0,2-2,2023-01-23 09:04:54.576935
332.0,469.0,2-2,2023-01-23 09:04:54.599201
331.0,469.0,2-2,2023-01-23 09:04:54.609732
332.0,469.0,2-2,2023-01-23 09:04:54.619528
332.0,469.0,2-2,2023-01-23 09:04:54.636526
332.0,470.0,2-2,2023-01-23 09:04:54.648665
332.0,470.0,2-2,2023-01-23 09:04:54.655822
332.0,470.0,2-2,2023-01-23 09:04:54.672002
333.0,470.0,2-2,2023-01-23 09:04:54.683670
333.0,472.0,2-2,2023-01-23 09:04:54.707411
337.0,397.0,3-2,2023-01-23 09:04:54.718674
348.0,388.0,3-2,2023-01-23 09:04:54.730086
358.0,383.0,3-2,2023-01-23 09:04:54.744217
376.0,373.0,3-2,2023-01-23 09:04:54.752394
401.0,356.0,3-2,2023-01-23 09:04:54.762967
403.0,353.0,3-2,2023-01-23 09:04:54.776952
414.0,351.0,3-2,2023-01-23 09:04:54.784376
420.0,346.0,3-2,2023-01-23 09:04:54.793003
434.0,341.0,3-2,2023-01-23 09:04:54.794909
451.0,334.0,3-2,2023-01-23 09:04:54.797397
468.0,330.0,3-2,2023-01-23 09:04:54.800181
482.0,325.0,3-2,2023-01-23 09:04:54.824106
486.0,308.0,3-2,2023-01-23 09:04:54.835289
323.0,478.0,2-2,2023-01-23 09:04:54.870684
329.0,470.0,2-2,2023-01-23 09:04:54.876279
332.0,468.0,2-2,2023-01-23 09:04:54.880841
333.0,469.0,2-2,2023-01-23 09:04:54.885618
331.0,470.0,2-2,2023-01-23 09:04:54.895469
332.0,470.0,2-2,2023-01-23 09:04:54.901098
332.0,469.0,2-2,2023-01-23 09:04:54.905115
332.0,469.0,2-2,2023-01-23 09:04:54.912225
331.0,469.0,2-2,2023-01-23 09:04:54.915836
332.0,469.0,2-2,2023-01-23 09:04:54.919333
332.0,469.0,2-2,2023-01-23 09:04:54.953741
332.0,470.0,2-2,2023-01-23 09:04:54.985599
332.0,470.0,2-2,2023-01-23 09:04:54.988398
332.0,470.0,2-2,2023-01-23 09:04:55.006970
333.0,470.0,2-2,2023-01-23 09:04:55.027549
333.0,472.0,2-2,2023-01-23 09:04:55.031755
332.0,470.0,2-2,2023-01-23 09:04:55.047106
332.0,470.0,2-2,2023-01-23 09:04:55.049919
337.0,397.0,3-2,2023-01-23 09:04:55.053495
348.0,388.0,3-2,2023-01-23 09:04:55.071394
358.0,383.0,3-2,2023-01-23 09:04:55.079247
376.0,373.0,3-2,2023-01-23 09:04:55.083679
401.0,356.0,3-2,2023-01-23 09:04:55.098257
403.0,353.0,3-2,2023-01-23 09:04:55.108158
414.0,351.0,3-2,2023-01-23 09:04:55.130803
420.0,346.0,3-2,2023-01-23 09:04:55.139474
434.0,341.0,3-2,2023-01-23 09:04:55.159674
451.0,334.0,3-2,2023-01-23 09:04:55.169553
468.0,330.0,3-2,2023-01-23 09:04:55.213418
482.0,325.0,3-2,2023-01-23 09:04:55.227894
486.0,308.0,3-2,2023-01-23 09:04:55.235402
526.0,320.0,3-2,2023-01-23 09:04:55.242012
540.0,319.0,3-2,2023-01-23 09:04:55.254375
323.0,478.0,2-2,2023-01-23 09:04:55.289676
329.0,470.0,2-2,2023-01-23 09:04:55.313676
332.0,468.0,2-2,2023-01-23 09:04:55.322566
333.0,469.0,2-2,2023-01-23 09:04:55.333403
331.0,470.0,2-2,2023-01-23 09:04:55.337040
332.0,470.0,2-2,2023-01-23 09:04:55.348455
332.0,469.0,2-2,2023-01-23 09:04:55.356732
332.0,469.0,2-2,2023-01-23 09:04:55.371240
331.0,469.0,2-2,2023-01-23 09:04:55.413000
332.0,469.0,2-2,2023-01-23 09:04:55.415253
332.0,469.0,2-2,2023-01-23 09:04:55.427394
332.0,470.0,2-2,2023-01-23 09:04:55.449451
332.0,470.0,2-2,2023-01-23 09:04:55.455651
332.0,470.0,2-2,2023-01-23 09:04:55.462108
333.0,470.0,2-2,2023-01-23 09:04:55.472686
333.0,472.0,2-2,2023-01-23 09:04:55.480247
332.0,470.0,2-2,2023-01-23 09:04:55.487075
332.0,470.0,2-2,2023-01-23 09:04:55.501893
332.0,470.0,2-2,2023-01-23 09:04:55.506654
333.0,469.0,2-2,2023-01-23 09:04:55.521400
337.0,397.0,3-2,2023-01-23 09:04:55.526409
348.0,388.0,3-2,2023-01-23 09:04:55.537847
358.0,383.0,3-2,2023-01-23 09:04:55.551696
376.0,373.0,3-2,2023-01-23 09:04:55.556268
401.0,356.0,3-2,2023-01-23 09:04:55.566846
403.0,353.0,3-2,2023-01-23 09:04:55.581062
414.0,351.0,3-2,2023-01-23 09:04:55.586928
420.0,346.0,3-2,2023-01-23 09:04:55.603597
434.0,341.0,3-2,2023-01-23 09:04:55.637562
451.0,334.0,3-2,2023-01-23 09:04:55.640624
468.0,330.0,3-2,2023-01-23 09:04:55.656082
482.0,325.0,3-2,2023-01-23 09:04:55.677686
486.0,308.0,3-2,2023-01-23 09:04:55.681949
526.0,320.0,3-2,2023-01-23 09:04:55.687723
540.0,319.0,3-2,2023-01-23 09:04:55.717830
557.0,324.0,3-2,2023-01-23 09:04:55.738013
583.0,334.0,3-2,2023-01-23 09:04:55.746119
323.0,478.0,2-2,2023-01-23 09:04:55.807956
329.0,470.0,2-2,2023-01-23 09:04:55.816223
332.0,468.0,2-2,2023-01-23 09:04:55.822262
333.0,469.0,2-2,2023-01-23 09:04:55.840711
331.0,470.0,2-2,2023-01-23 09:04:55.844933
332.0,470.0,2-2,2023-01-23 09:04:55.851262
332.0,469.0,2-2,2023-01-23 09:04:55.866677
332.0,469.0,2-2,2023-01-23 09:04:55.870648
331.0,469.0,2-2,2023-01-23 09:04:55.877252
332.0,469.0,2-2,2023-01-23 09:04:55.893821
332.0,469.0,2-2,2023-01-23 09:04:55.897093
332.0,470.0,2-2,2023-01-23 09:04:55.902334
332.0,470.0,2-2,2023-01-23 09:04:55.938608
332.0,470.0,2-2,2023-01-23 09:04:55.946191
333.0,470.0,2-2,2023-01-23 09:04:55.948960
333.0,472.0,2-2,2023-01-23 09:04:55.958671
332.0,470.0,2-2,2023-01-23 09:04:55.963706
332.0,470.0,2-2,2023-01-23 09:04:55.969211
332.0,470.0,2-2,2023-01-23 09:04:55.981734
333.0,469.0,2-2,2023-01-23 09:04:55.986562
332.0,470.0,2-2,2023-01-23 09:04:55.992135
333.0,470.0,2-2,2023-01-23 09:04:56.029463
332.0,470.0,2-2,2023-01-23 09:04:56.032480
337.0,397.0,3-2,2023-01-23 09:04:56.034643
348.0,388.0,3-2,2023-01-23 09:04:56.048402
358.0,383.0,3-2,2023-01-23 09:04:56.051099
376.0,373.0,3-2,2023-01-23 09:04:56.055491
401.0,356.0,3-2,2023-01-23 09:04:56.059031
403.0,353.0,3-2,2023-01-23 09:04:56.061587
414.0,351.0,3-2,2023-01-23 09:04:56.064900
420.0,346.0,3-2,2023-01-23 09:04:56.067390
434.0,341.0,3-2,2023-01-23 09:04:56.070837
451.0,334.0,3-2,2023-01-23 09:04:56.073503
468.0,330.0,3-2,2023-01-23 09:04:56.077773
482.0,325.0,3-2,2023-01-23 09:04:56.079813
486.0,308.0,3-2,2023-01-23 09:04:56.084813
526.0,320.0,3-2,2023-01-23 09:04:56.087516
540.0,319.0,3-2,2023-01-23 09:04:56.090553
557.0,324.0,3-2,2023-01-23 09:04:56.094341
583.0,334.0,3-2,2023-01-23 09:04:56.097424
593.0,338.0,3-2,2023-01-23 09:04:56.100713
607.0,348.0,3-2,2023-01-23 09:04:56.102850
622.0,362.0,3-2,2023-01-23 09:04:56.104852
323.0,478.0,2-2,2023-01-23 09:04:56.131664
329.0,470.0,2-2,2023-01-23 09:04:56.134049
332.0,468.0,2-2,2023-01-23 09:04:56.153990
333.0,469.0,2-2,2023-01-23 09:04:56.158781
331.0,470.0,2-2,2023-01-23 09:04:56.188630
332.0,470.0,2-2,2023-01-23 09:04:56.195226
332.0,469.0,2-2,2023-01-23 09:04:56.221690
332.0,469.0,2-2,2023-01-23 09:04:56.227672
331.0,469.0,2-2,2023-01-23 09:04:56.232185
332.0,469.0,2-2,2023-01-23 09:04:56.235916
332.0,469.0,2-2,2023-01-23 09:04:56.241216
332.0,470.0,2-2,2023-01-23 09:04:56.248839
332.0,470.0,2-2,2023-01-23 09:04:56.253343
332.0,470.0,2-2,2023-01-23 09:04:56.282275
333.0,470.0,2-2,2023-01-23 09:04:56.301582
333.0,472.0,2-2,2023-01-23 09:04:56.305472
332.0,470.0,2-2,2023-01-23 09:04:56.310607
332.0,470.0,2-2,2023-01-23 09:04:56.317489
332.0,470.0,2-2,2023-01-23 09:04:56.321879
333.0,469.0,2-2,2023-01-23 09:04:56.330236
332.0,470.0,2-2,2023-01-23 09:04:56.334295
333.0,470.0,2-2,2023-01-23 09:04:56.342122
332.0,470.0,2-2,2023-01-23 09:04:56.346651
333.0,469.0,2-2,2023-01-23 09:04:56.351683
333.0,470.0,2-2,2023-01-23 09:04:56.358022
333.0,470.0,2-2,2023-01-23 09:04:56.362847
337.0,397.0,3-2,2023-01-23 09:04:56.425980
348.0,388.0,3-2,2023-01-23 09:04:56.433621
358.0,383.0,3-2,2023-01-23 09:04:56.444173
376.0,373.0,3-2,2023-01-23 09:04:56.452553
401.0,356.0,3-2,2023-01-23 09:04:56.455925
403.0,353.0,3-2,2023-01-23 09:04:56.471316
414.0,351.0,3-2,2023-01-23 09:04:56.483377
420.0,346.0,3-2,2023-01-23 09:04:56.494921
434.0,341.0,3-2,2023-01-23 09:04:56.497305
451.0,334.0,3-2,2023-01-23 09:04:56.505801
468.0,330.0,3-2,2023-01-23 09:04:56.512909
482.0,325.0,3-2,2023-01-23 09:04:56.525952
486.0,308.0,3-2,2023-01-23 09:04:56.529245
526.0,320.0,3-2,2023-01-23 09:04:56.532304
540.0,319.0,3-2,2023-01-23 09:04:56.535883
557.0,324.0,3-2,2023-01-23 09:04:56.540063
583.0,334.0,3-2,2023-01-23 09:04:56.543882
593.0,338.0,3-2,2023-01-23 09:04:56.549304
607.0,348.0,3-2,2023-01-23 09:04:56.554749
622.0,362.0,3-2,2023-01-23 09:04:56.560280
627.0,368.0,3-2,2023-01-23 09:04:56.563994
642.0,378.0,3-2,2023-01-23 09:04:56.568988
653.0,394.0,3-2,2023-01-23 09:04:56.573742
323.0,478.0,2-2,2023-01-23 09:04:56.600782
329.0,470.0,2-2,2023-01-23 09:04:56.607538
332.0,468.0,2-2,2023-01-23 09:04:56.611988
333.0,469.0,2-2,2023-01-23 09:04:56.613720
331.0,470.0,2-2,2023-01-23 09:04:56.615490
332.0,470.0,2-2,2023-01-23 09:04:56.617084
332.0,469.0,2-2,2023-01-23 09:04:56.620731
332.0,469.0,2-2,2023-01-23 09:04:56.623884
331.0,469.0,2-2,2023-01-23 09:04:56.626467
332.0,469.0,2-2,2023-01-23 09:04:56.630397
332.0,469.0,2-2,2023-01-23 09:04:56.633303
332.0,470.0,2-2,2023-01-23 09:04:56.643673
332.0,470.0,2-2,2023-01-23 09:04:56.649927
332.0,470.0,2-2,2023-01-23 09:04:56.651291
333.0,470.0,2-2,2023-01-23 09:04:56.652981
333.0,472.0,2-2,2023-01-23 09:04:56.655489
332.0,470.0,2-2,2023-01-23 09:04:56.668006
332.0,470.0,2-2,2023-01-23 09:04:56.691098
332.0,470.0,2-2,2023-01-23 09:04:56.693839
333.0,469.0,2-2,2023-01-23 09:04:56.695066
332.0,470.0,2-2,2023-01-23 09:04:56.696204
333.0,470.0,2-2,2023-01-23 09:04:56.714523
332.0,470.0,2-2,2023-01-23 09:04:56.716135
333.0,469.0,2-2,2023-01-23 09:04:56.717456
333.0,470.0,2-2,2023-01-23 09:04:56.735857
333.0,470.0,2-2,2023-01-23 09:04:56.738060
333.0,470.0,2-2,2023-01-23 09:04:56.741563
337.0,397.0,3-2,2023-01-23 09:04:56.743347
348.0,388.0,3-2,2023-01-23 09:04:56.792617
358.0,383.0,3-2,2023-01-23 09:04:56.794521
376.0,373.0,3-2,2023-01-23 09:04:56.795849
401.0,356.0,3-2,2023-01-23 09:04:56.797210
403.0,353.0,3-2,2023-01-23 09:04:56.811312
414.0,351.0,3-2,2023-01-23 09:04:56.813767
420.0,346.0,3-2,2023-01-23 09:04:56.815102
434.0,341.0,3-2,2023-01-23 09:04:56.821180
451.0,334.0,3-2,2023-01-23 09:04:56.850892
468.0,330.0,3-2,2023-01-23 09:04:56.854393
482.0,325.0,3-2,2023-01-23 09:04:56.859066
486.0,308.0,3-2,2023-01-23 09:04:56.866942
526.0,320.0,3-2,2023-01-23 09:04:56.875283
540.0,319.0,3-2,2023-01-23 09:04:56.887224
557.0,324.0,3-2,2023-01-23 09:04:56.893452
583.0,334.0,3-2,2023-01-23 09:04:56.900328
593.0,338.0,3-2,2023-01-23 09:04:56.911876
607.0,348.0,3-2,2023-01-23 09:04:56.914516
622.0,362.0,3-2,2023-01-23 09:04:56.917873
627.0,368.0,3-2,2023-01-23 09:04:56.927955
642.0,378.0,3-2,2023-01-23 09:04:56.931184
653.0,394.0,3-2,2023-01-23 09:04:56.936181
659.0,402.0,3-2,2023-01-23 09:04:56.944606
323.0,478.0,2-2,2023-01-23 09:04:56.974162
329.0,470.0,2-2,2023-01-23 09:04:56.976327
332.0,468.0,2-2,2023-01-23 09:04:56.995760
333.0,469.0,2-2,2023-01-23 09:04:56.999478
331.0,470.0,2-2,2023-01-23 09:04:57.013286
332.0,470.0,2-2,2023-01-23 09:04:57.021568
332.0,469.0,2-2,2023-01-23 09:04:57.025422
332.0,469.0,2-2,2023-01-23 09:04:57.027865
331.0,469.0,2-2,2023-01-23 09:04:57.044289
332.0,469.0,2-2,2023-01-23 09:04:57.045912
332.0,469.0,2-2,2023-01-23 09:04:57.047179
332.0,470.0,2-2,2023-01-23 09:04:57.049243
332.0,470.0,2-2,2023-01-23 09:04:57.059652
332.0,470.0,2-2,2023-01-23 09:04:57.066282
333.0,470.0,2-2,2023-01-23 09:04:57.070843
333.0,472.0,2-2,2023-01-23 09:04:57.074727
332.0,470.0,2-2,2023-01-23 09:04:57.081156
332.0,470.0,2-2,2023-01-23 09:04:57.083850
332.0,470.0,2-2,2023-01-23 09:04:57.087770
333.0,469.0,2-2,2023-01-23 09:04:57.092967
332.0,470.0,2-2,2023-01-23 09:04:57.096713
333.0,470.0,2-2,2023-01-23 09:04:57.100109
332.0,470.0,2-2,2023-01-23 09:04:57.105385
333.0,469.0,2-2,2023-01-23 09:04:57.111597
333.0,470.0,2-2,2023-01-23 09:04:57.113936
333.0,470.0,2-2,2023-01-23 09:04:57.117002
333.0,470.0,2-2,2023-01-23 09:04:57.120761
333.0,471.0,2-2,2023-01-23 09:04:57.123874
333.0,471.0,2-2,2023-01-23 09:04:57.127366
337.0,397.0,3-2,2023-01-23 09:04:57.132611
348.0,388.0,3-2,2023-01-23 09:04:57.135946
358.0,383.0,3-2,2023-01-23 09:04:57.142729
376.0,373.0,3-2,2023-01-23 09:04:57.149677
401.0,356.0,3-2,2023-01-23 09:04:57.152277
403.0,353.0,3-2,2023-01-23 09:04:57.158438
414.0,351.0,3-2,2023-01-23 09:04:57.166045
420.0,346.0,3-2,2023-01-23 09:04:57.180483
434.0,341.0,3-2,2023-01-23 09:04:57.182160
451.0,334.0,3-2,2023-01-23 09:04:57.184613
468.0,330.0,3-2,2023-01-23 09:04:57.187539
482.0,325.0,3-2,2023-01-23 09:04:57.195416
486.0,308.0,3-2,2023-01-23 09:04:57.199960
526.0,320.0,3-2,2023-01-23 09:04:57.203409
540.0,319.0,3-2,2023-01-23 09:04:57.209845
557.0,324.0,3-2,2023-01-23 09:04:57.215915
583.0,334.0,3-2,2023-01-23 09:04:57.237630
593.0,338.0,3-2,2023-01-23 09:04:57.245103
607.0,348.0,3-2,2023-01-23 09:04:57.251212
622.0,362.0,3-2,2023-01-23 09:04:57.258787
627.0,368.0,3-2,2023-01-23 09:04:57.267531
642.0,378.0,3-2,2023-01-23 09:04:57.275805
653.0,394.0,3-2,2023-01-23 09:04:57.281374
659.0,402.0,3-2,2023-01-23 09:04:57.285596
671.0,417.0,3-2,2023-01-23 09:04:57.293108
681.0,434.0,3-2,2023-01-23 09:04:57.297258
323.0,478.0,2-2,2023-01-23 09:04:57.323965
329.0,470.0,2-2,2023-01-23 09:04:57.333142
332.0,468.0,2-2,2023-01-23 09:04:57.349902
333.0,469.0,2-2,2023-01-23 09:04:57.352208
331.0,470.0,2-2,2023-01-23 09:04:57.354620
332.0,470.0,2-2,2023-01-23 09:04:57.375591
332.0,469.0,2-2,2023-01-23 09:04:57.386834
332.0,469.0,2-2,2023-01-23 09:04:57.393110
331.0,469.0,2-2,2023-01-23 09:04:57.400047
332.0,469.0,2-2,2023-01-23 09:04:57.417127
332.0,469.0,2-2,2023-01-23 09:04:57.425764
332.0,470.0,2-2,2023-01-23 09:04:57.429005
332.0,470.0,2-2,2023-01-23 09:04:57.431903
332.0,470.0,2-2,2023-01-23 09:04:57.439336
333.0,470.0,2-2,2023-01-23 09:04:57.447017
333.0,472.0,2-2,2023-01-23 09:04:57.453415
332.0,470.0,2-2,2023-01-23 09:04:57.459201
332.0,470.0,2-2,2023-01-23 09:04:57.462840
332.0,470.0,2-2,2023-01-23 09:04:57.470275
333.0,469.0,2-2,2023-01-23 09:04:57.476879
332.0,470.0,2-2,2023-01-23 09:04:57.490146
333.0,470.0,2-2,2023-01-23 09:04:57.500742
332.0,470.0,2-2,2023-01-23 09:04:57.506134
333.0,469.0,2-2,2023-01-23 09:04:57.515743
333.0,470.0,2-2,2023-01-23 09:04:57.518652
333.0,470.0,2-2,2023-01-23 09:04:57.523063
333.0,470.0,2-2,2023-01-23 09:04:57.530246
333.0,471.0,2-2,2023-01-23 09:04:57.542062
333.0,471.0,2-2,2023-01-23 09:04:57.548509
333.0,471.0,2-2,2023-01-23 09:04:57.558500
333.0,471.0,2-2,2023-01-23 09:04:57.560858
337.0,397.0,3-2,2023-01-23 09:04:57.567073
348.0,388.0,3-2,2023-01-23 09:04:57.584362
358.0,383.0,3-2,2023-01-23 09:04:57.587550
376.0,373.0,3-2,2023-01-23 09:04:57.589509
401.0,356.0,3-2,2023-01-23 09:04:57.591670
403.0,353.0,3-2,2023-01-23 09:04:57.593023
414.0,351.0,3-2,2023-01-23 09:04:57.594729
420.0,346.0,3-2,2023-01-23 09:04:57.604643
434.0,341.0,3-2,2023-01-23 09:04:57.610586
451.0,334.0,3-2,2023-01-23 09:04:57.612444
468.0,330.0,3-2,2023-01-23 09:04:57.615181
482.0,325.0,3-2,2023-01-23 09:04:57.629217
486.0,308.0,3-2,2023-01-23 09:04:57.630814
526.0,320.0,3-2,2023-01-23 09:04:57.637332
540.0,319.0,3-2,2023-01-23 09:04:57.640310
557.0,324.0,3-2,2023-01-23 09:04:57.642782
583.0,334.0,3-2,2023-01-23 09:04:57.646741
593.0,338.0,3-2,2023-01-23 09:04:57.650737
607.0,348.0,3-2,2023-01-23 09:04:57.657016
622.0,362.0,3-2,2023-01-23 09:04:57.660811
627.0,368.0,3-2,2023-01-23 09:04:57.663026
642.0,378.0,3-2,2023-01-23 09:04:57.667128
653.0,394.0,3-2,2023-01-23 09:04:57.671147
659.0,402.0,3-2,2023-01-23 09:04:57.675659
671.0,417.0,3-2,2023-01-23 09:04:57.679276
681.0,434.0,3-2,2023-01-23 09:04:57.683862
690.0,448.0,3-2,2023-01-23 09:04:57.689861
700.0,467.0,3-2,2023-01-23 09:04:57.693444
323.0,478.0,2-2,2023-01-23 09:04:57.730846
329.0,470.0,2-2,2023-01-23 09:04:57.734515
332.0,468.0,2-2,2023-01-23 09:04:57.740576
333.0,469.0,2-2,2023-01-23 09:04:57.760210
331.0,470.0,2-2,2023-01-23 09:04:57.772262
332.0,470.0,2-2,2023-01-23 09:04:57.775350
332.0,469.0,2-2,2023-01-23 09:04:57.777541
332.0,469.0,2-2,2023-01-23 09:04:57.780750
331.0,469.0,2-2,2023-01-23 09:04:57.788206
332.0,469.0,2-2,2023-01-23 09:04:57.796776
332.0,469.0,2-2,2023-01-23 09:04:57.817406
332.0,470.0,2-2,2023-01-23 09:04:57.819869
332.0,470.0,2-2,2023-01-23 09:04:57.823879
332.0,470.0,2-2,2023-01-23 09:04:57.830789
333.0,470.0,2-2,2023-01-23 09:04:57.835866
333.0,472.0,2-2,2023-01-23 09:04:57.841381
332.0,470.0,2-2,2023-01-23 09:04:57.844025
332.0,470.0,2-2,2023-01-23 09:04:57.848937
332.0,470.0,2-2,2023-01-23 09:04:57.850816
333.0,469.0,2-2,2023-01-23 09:04:57.852053
332.0,470.0,2-2,2023-01-23 09:04:57.854972
333.0,470.0,2-2,2023-01-23 09:04:57.858476
332.0,470.0,2-2,2023-01-23 09:04:57.860938
333.0,469.0,2-2,2023-01-23 09:04:57.883893
333.0,470.0,2-2,2023-01-23 09:04:57.885160
333.0,470.0,2-2,2023-01-23 09:04:57.886418
333.0,470.0,2-2,2023-01-23 09:04:57.899730
333.0,471.0,2-2,2023-01-23 09:04:57.902263
333.0,471.0,2-2,2023-01-23 09:04:57.907351
333.0,471.0,2-2,2023-01-23 09:04:57.914683
333.0,471.0,2-2,2023-01-23 09:04:57.924230
333.0,471.0,2-2,2023-01-23 09:04:57.927242
334.0,471.0,2-2,2023-01-23 09:04:57.928661
337.0,397.0,3-2,2023-01-23 09:04:57.929734
348.0,388.0,3-2,2023-01-23 09:04:57.940238
358.0,383.0,3-2,2023-01-23 09:04:57.951405
376.0,373.0,3-2,2023-01-23 09:04:57.954542
401.0,356.0,3-2,2023-01-23 09:04:57.976001
403.0,353.0,3-2,2023-01-23 09:04:57.979267
414.0,351.0,3-2,2023-01-23 09:04:57.981882
420.0,346.0,3-2,2023-01-23 09:04:57.985722
434.0,341.0,3-2,2023-01-23 09:04:57.990079
451.0,334.0,3-2,2023-01-23 09:04:57.991872
468.0,330.0,3-2,2023-01-23 09:04:57.993982
482.0,325.0,3-2,2023-01-23 09:04:57.996368
486.0,308.0,3-2,2023-01-23 09:04:58.009031
526.0,320.0,3-2,2023-01-23 09:04:58.011991
540.0,319.0,3-2,2023-01-23 09:04:58.030738
557.0,324.0,3-2,2023-01-23 09:04:58.034636
583.0,334.0,3-2,2023-01-23 09:04:58.037276
593.0,338.0,3-2,2023-01-23 09:04:58.041220
607.0,348.0,3-2,2023-01-23 09:04:58.043622
622.0,362.0,3-2,2023-01-23 09:04:58.046240
627.0,368.0,3-2,2023-01-23 09:04:58.049453
642.0,378.0,3-2,2023-01-23 09:04:58.056351
653.0,394.0,3-2,2023-01-23 09:04:58.060636
659.0,402.0,3-2,2023-01-23 09:04:58.062883
671.0,417.0,3-2,2023-01-23 09:04:58.067061
681.0,434.0,3-2,2023-01-23 09:04:58.071040
690.0,448.0,3-2,2023-01-23 09:04:58.074759
700.0,467.0,3-2,2023-01-23 09:04:58.078154
699.0,471.0,3-2,2023-01-23 09:04:58.084963
709.0,492.0,3-2,2023-01-23 09:04:58.092317
323.0,478.0,2-2,2023-01-23 09:04:58.126658
329.0,470.0,2-2,2023-01-23 09:04:58.130007
332.0,468.0,2-2,2023-01-23 09:04:58.134669
333.0,469.0,2-2,2023-01-23 09:04:58.137564
331.0,470.0,2-2,2023-01-23 09:04:58.145731
332.0,470.0,2-2,2023-01-23 09:04:58.149912
332.0,469.0,2-2,2023-01-23 09:04:58.151786
332.0,469.0,2-2,2023-01-23 09:04:58.156367
331.0,469.0,2-2,2023-01-23 09:04:58.163752
332.0,469.0,2-2,2023-01-23 09:04:58.170117
332.0,469.0,2-2,2023-01-23 09:04:58.175913
332.0,470.0,2-2,2023-01-23 09:04:58.180088
332.0,470.0,2-2,2023-01-23 09:04:58.187405
332.0,470.0,2-2,2023-01-23 09:04:58.201680
333.0,470.0,2-2,2023-01-23 09:04:58.205104
333.0,472.0,2-2,2023-01-23 09:04:58.221557
332.0,470.0,2-2,2023-01-23 09:04:58.232945
332.0,470.0,2-2,2023-01-23 09:04:58.239126
332.0,470.0,2-2,2023-01-23 09:04:58.249870
333.0,469.0,2-2,2023-01-23 09:04:58.257096
332.0,470.0,2-2,2023-01-23 09:04:58.263163
333.0,470.0,2-2,2023-01-23 09:04:58.283227
332.0,470.0,2-2,2023-01-23 09:04:58.291611
333.0,469.0,2-2,2023-01-23 09:04:58.305199
333.0,470.0,2-2,2023-01-23 09:04:58.313997
333.0,470.0,2-2,2023-01-23 09:04:58.320821
333.0,470.0,2-2,2023-01-23 09:04:58.327369
333.0,471.0,2-2,2023-01-23 09:04:58.332590
333.0,471.0,2-2,2023-01-23 09:04:58.337147
333.0,471.0,2-2,2023-01-23 09:04:58.343962
333.0,471.0,2-2,2023-01-23 09:04:58.349942
333.0,471.0,2-2,2023-01-23 09:04:58.358250
334.0,471.0,2-2,2023-01-23 09:04:58.377662
334.0,471.0,2-2,2023-01-23 09:04:58.387253
334.0,471.0,2-2,2023-01-23 09:04:58.391937
337.0,397.0,3-2,2023-01-23 09:04:58.412370
348.0,388.0,3-2,2023-01-23 09:04:58.416555
358.0,383.0,3-2,2023-01-23 09:04:58.423304
376.0,373.0,3-2,2023-01-23 09:04:58.430857
401.0,356.0,3-2,2023-01-23 09:04:58.437562
403.0,353.0,3-2,2023-01-23 09:04:58.447030
414.0,351.0,3-2,2023-01-23 09:04:58.453760
420.0,346.0,3-2,2023-01-23 09:04:58.459067
434.0,341.0,3-2,2023-01-23 09:04:58.463062
451.0,334.0,3-2,2023-01-23 09:04:58.470153
468.0,330.0,3-2,2023-01-23 09:04:58.475388
482.0,325.0,3-2,2023-01-23 09:04:58.480190
486.0,308.0,3-2,2023-01-23 09:04:58.489863
526.0,320.0,3-2,2023-01-23 09:04:58.498464
540.0,319.0,3-2,2023-01-23 09:04:58.509512
557.0,324.0,3-2,2023-01-23 09:04:58.514116
583.0,334.0,3-2,2023-01-23 09:04:58.529585
593.0,338.0,3-2,2023-01-23 09:04:58.542850
607.0,348.0,3-2,2023-01-23 09:04:58.550249
622.0,362.0,3-2,2023-01-23 09:04:58.561838
627.0,368.0,3-2,2023-01-23 09:04:58.563659
642.0,378.0,3-2,2023-01-23 09:04:58.570611
653.0,394.0,3-2,2023-01-23 09:04:58.584123
659.0,402.0,3-2,2023-01-23 09:04:58.594838
671.0,417.0,3-2,2023-01-23 09:04:58.603792
681.0,434.0,3-2,2023-01-23 09:04:58.612409
690.0,448.0,3-2,2023-01-23 09:04:58.640724
700.0,467.0,3-2,2023-01-23 09:04:58.649480
699.0,471.0,3-2,2023-01-23 09:04:58.653099
709.0,492.0,3-2,2023-01-23 09:04:58.660675
714.0,505.0,3-2,2023-01-23 09:04:58.668474
720.0,522.0,3-2,2023-01-23 09:04:58.675237
323.0,478.0,2-3,2023-01-23 09:04:58.729326
329.0,470.0,2-3,2023-01-23 09:04:58.736617
332.0,468.0,2-3,2023-01-23 09:04:58.744578
333.0,469.0,2-3,2023-01-23 09:04:58.750436
331.0,470.0,2-3,2023-01-23 09:04:58.766672
332.0,470.0,2-3,2023-01-23 09:04:58.774836
332.0,469.0,2-3,2023-01-23 09:04:58.780503
332.0,469.0,2-3,2023-01-23 09:04:58.785443
331.0,469.0,2-3,2023-01-23 09:04:58.792894
332.0,469.0,2-3,2023-01-23 09:04:58.801876
332.0,469.0,2-3,2023-01-23 09:04:58.807682
332.0,470.0,2-3,2023-01-23 09:04:58.812984
332.0,470.0,2-3,2023-01-23 09:04:58.818004
332.0,470.0,2-3,2023-01-23 09:04:58.822904
333.0,470.0,2-3,2023-01-23 09:04:58.830644
333.0,472.0,2-3,2023-01-23 09:04:58.837320
332.0,470.0,2-3,2023-01-23 09:04:58.844437
332.0,470.0,2-3,2023-01-23 09:04:58.851081
332.0,470.0,2-3,2023-01-23 09:04:58.855201
333.0,469.0,2-3,2023-01-23 09:04:58.860586
332.0,470.0,2-3,2023-01-23 09:04:58.866079
333.0,470.0,2-3,2023-01-23 09:04:58.876420
332.0,470.0,2-3,2023-01-23 09:04:58.882005
333.0,469.0,2-3,2023-01-23 09:04:58.888295
333.0,470.0,2-3,2023-01-23 09:04:58.894787
333.0,470.0,2-3,2023-01-23 09:04:58.904590
333.0,470.0,2-3,2023-01-23 09:04:58.918204
333.0,471.0,2-3,2023-01-23 09:04:58.940751
333.0,471.0,2-3,2023-01-23 09:04:58.945076
333.0,471.0,2-3,2023-01-23 09:04:58.948863
333.0,471.0,2-3,2023-01-23 09:04:58.957550
333.0,471.0,2-3,2023-01-23 09:04:58.961855
334.0,471.0,2-3,2023-01-23 09:04:58.967342
334.0,471.0,2-3,2023-01-23 09:04:58.975721
334.0,471.0,2-3,2023-01-23 09:04:58.978606
334.0,471.0,2-3,2023-01-23 09:04:58.982018
334.0,471.0,2-3,2023-01-23 09:04:58.988283
334.0,471.0,2-3,2023-01-23 09:04:58.992249
337.0,397.0,3-2,2023-01-23 09:04:59.000007
348.0,388.0,3-2,2023-01-23 09:04:59.007815
358.0,383.0,3-2,2023-01-23 09:04:59.013937
376.0,373.0,3-2,2023-01-23 09:04:59.017924
401.0,356.0,3-2,2023-01-23 09:04:59.023974
403.0,353.0,3-2,2023-01-23 09:04:59.031355
414.0,351.0,3-2,2023-01-23 09:04:59.051002
420.0,346.0,3-2,2023-01-23 09:04:59.058260
434.0,341.0,3-2,2023-01-23 09:04:59.064878
451.0,334.0,3-2,2023-01-23 09:04:59.073740
468.0,330.0,3-2,2023-01-23 09:04:59.083486
482.0,325.0,3-2,2023-01-23 09:04:59.089648
486.0,308.0,3-2,2023-01-23 09:04:59.093034
526.0,320.0,3-2,2023-01-23 09:04:59.095499
540.0,319.0,3-2,2023-01-23 09:04:59.098152
557.0,324.0,3-2,2023-01-23 09:04:59.101935
583.0,334.0,3-2,2023-01-23 09:04:59.105227
593.0,338.0,3-2,2023-01-23 09:04:59.108176
607.0,348.0,3-2,2023-01-23 09:04:59.113962
622.0,362.0,3-2,2023-01-23 09:04:59.119830
627.0,368.0,3-2,2023-01-23 09:04:59.122261
642.0,378.0,3-2,2023-01-23 09:04:59.125448
653.0,394.0,3-2,2023-01-23 09:04:59.127086
659.0,402.0,3-2,2023-01-23 09:04:59.129491
671.0,417.0,3-2,2023-01-23 09:04:59.144967
681.0,434.0,3-2,2023-01-23 09:04:59.146248
690.0,448.0,3-2,2023-01-23 09:04:59.148780
700.0,467.0,3-2,2023-01-23 09:04:59.172220
699.0,471.0,3-2,2023-01-23 09:04:59.181426
709.0,492.0,3-2,2023-01-23 09:04:59.183050
714.0,505.0,3-2,2023-01-23 09:04:59.184484
720.0,522.0,3-2,2023-01-23 09:04:59.196895
724.0,532.0,3-2,2023-01-23 09:04:59.207042
726.0,542.0,3-2,2023-01-23 09:04:59.211939
726.0,547.0,3-2,2023-01-23 09:04:59.221774
323.0,478.0,2-3,2023-01-23 09:04:59.277193
329.0,470.0,2-3,2023-01-23 09:04:59.279189
332.0,468.0,2-3,2023-01-23 09:04:59.282040
333.0,469.0,2-3,2023-01-23 09:04:59.288806
331.0,470.0,2-3,2023-01-23 09:04:59.317212
332.0,470.0,2-3,2023-01-23 09:04:59.329102
332.0,469.0,2-3,2023-01-23 09:04:59.339225
332.0,469.0,2-3,2023-01-23 09:04:59.346196
331.0,469.0,2-3,2023-01-23 09:04:59.353491
332.0,469.0,2-3,2023-01-23 09:04:59.363209
332.0,469.0,2-3,2023-01-23 09:04:59.382398
332.0,470.0,2-3,2023-01-23 09:04:59.389002
332.0,470.0,2-3,2023-01-23 09:04:59.395921
332.0,470.0,2-3,2023-01-23 09:04:59.404858
333.0,470.0,2-3,2023-01-23 09:04:59.414202
333.0,472.0,2-3,2023-01-23 09:04:59.420982
332.0,470.0,2-3,2023-01-23 09:04:59.427829
332.0,470.0,2-3,2023-01-23 09:04:59.451858
332.0,470.0,2-3,2023-01-23 09:04:59.460399
333.0,469.0,2-3,2023-01-23 09:04:59.465815
332.0,470.0,2-3,2023-01-23 09:04:59.471532
333.0,470.0,2-3,2023-01-23 09:04:59.477010
332.0,470.0,2-3,2023-01-23 09:04:59.497382
333.0,469.0,2-3,2023-01-23 09:04:59.509608
333.0,470.0,2-3,2023-01-23 09:04:59.510970
333.0,470.0,2-3,2023-01-23 09:04:59.513966
333.0,470.0,2-3,2023-01-23 09:04:59.531566
333.0,471.0,2-3,2023-01-23 09:04:59.535563
333.0,471.0,2-3,2023-01-23 09:04:59.538268
333.0,471.0,2-3,2023-01-23 09:04:59.547148
333.0,471.0,2-3,2023-01-23 09:04:59.552622
333.0,471.0,2-3,2023-01-23 09:04:59.557068
334.0,471.0,2-3,2023-01-23 09:04:59.561863
334.0,471.0,2-3,2023-01-23 09:04:59.579805
334.0,471.0,2-3,2023-01-23 09:04:59.585047
334.0,471.0,2-3,2023-01-23 09:04:59.588671
334.0,471.0,2-3,2023-01-23 09:04:59.595215
334.0,471.0,2-3,2023-01-23 09:04:59.601044
334.0,471.0,2-3,2023-01-23 09:04:59.605173
336.0,472.0,2-3,2023-01-23 09:04:59.608950
336.0,471.0,2-3,2023-01-23 09:04:59.615558
336.0,471.0,2-3,2023-01-23 09:04:59.619636
337.0,397.0,3-2,2023-01-23 09:04:59.627271
348.0,388.0,3-2,2023-01-23 09:04:59.632202
358.0,383.0,3-2,2023-01-23 09:04:59.636457
376.0,373.0,3-2,2023-01-23 09:04:59.640647
401.0,356.0,3-2,2023-01-23 09:04:59.644049
403.0,353.0,3-2,2023-01-23 09:04:59.650253
414.0,351.0,3-2,2023-01-23 09:04:59.658278
420.0,346.0,3-2,2023-01-23 09:04:59.662780
434.0,341.0,3-2,2023-01-23 09:04:59.667270
451.0,334.0,3-2,2023-01-23 09:04:59.673281
468.0,330.0,3-2,2023-01-23 09:04:59.676631
482.0,325.0,3-2,2023-01-23 09:04:59.679369
486.0,308.0,3-2,2023-01-23 09:04:59.702357
526.0,320.0,3-2,2023-01-23 09:04:59.706324
540.0,319.0,3-2,2023-01-23 09:04:59.710055
557.0,324.0,3-2,2023-01-23 09:04:59.720949
583.0,334.0,3-2,2023-01-23 09:04:59.724763
593.0,338.0,3-2,2023-01-23 09:04:59.728879
607.0,348.0,3-2,2023-01-23 09:04:59.747199
622.0,362.0,3-2,2023-01-23 09:04:59.753059
627.0,368.0,3-2,2023-01-23 09:04:59.763883
642.0,378.0,3-2,2023-01-23 09:04:59.766763
653.0,394.0,3-2,2023-01-23 09:04:59.771540
659.0,402.0,3-2,2023-01-23 09:04:59.776976
671.0,417.0,3-2,2023-01-23 09:04:59.791135
681.0,434.0,3-2,2023-01-23 09:04:59.799085
690.0,448.0,3-2,2023-01-23 09:04:59.809999
700.0,467.0,3-2,2023-01-23 09:04:59.816037
699.0,471.0,3-2,2023-01-23 09:04:59.821030
709.0,492.0,3-2,2023-01-23 09:04:59.826175
714.0,505.0,3-2,2023-01-23 09:04:59.837510
720.0,522.0,3-2,2023-01-23 09:04:59.842513
724.0,532.0,3-2,2023-01-23 09:04:59.850433
726.0,542.0,3-2,2023-01-23 09:04:59.853986
726.0,547.0,3-2,2023-01-23 09:04:59.858706
731.0,550.0,3-2,2023-01-23 09:04:59.865382
732.0,553.0,3-2,2023-01-23 09:04:59.868874
733.0,553.0,3-2,2023-01-23 09:04:59.873986
734.0,552.0,3-2,2023-01-23 09:04:59.883853
323.0,478.0,2-3,2023-01-23 09:04:59.938641
329.0,470.0,2-3,2023-01-23 09:04:59.942582
332.0,468.0,2-3,2023-01-23 09:04:59.949837
333.0,469.0,2-3,2023-01-23 09:04:59.953347
331.0,470.0,2-3,2023-01-23 09:04:59.955961
332.0,470.0,2-3,2023-01-23 09:04:59.958222
332.0,469.0,2-3,2023-01-23 09:04:59.960939
332.0,469.0,2-3,2023-01-23 09:04:59.966314
331.0,469.0,2-3,2023-01-23 09:04:59.970522
332.0,469.0,2-3,2023-01-23 09:04:59.974605
332.0,469.0,2-3,2023-01-23 09:04:59.977969
332.0,470.0,2-3,2023-01-23 09:04:59.997338
332.0,470.0,2-3,2023-01-23 09:05:00.002150
332.0,470.0,2-3,2023-01-23 09:05:00.004930
333.0,470.0,2-3,2023-01-23 09:05:00.015497
333.0,472.0,2-3,2023-01-23 09:05:00.029072
332.0,470.0,2-3,2023-01-23 09:05:00.032232
332.0,470.0,2-3,2023-01-23 09:05:00.034125
332.0,470.0,2-3,2023-01-23 09:05:00.036918
333.0,469.0,2-3,2023-01-23 09:05:00.049164
332.0,470.0,2-3,2023-01-23 09:05:00.050982
333.0,470.0,2-3,2023-01-23 09:05:00.052567
332.0,470.0,2-3,2023-01-23 09:05:00.065613
333.0,469.0,2-3,2023-01-23 09:05:00.067442
333.0,470.0,2-3,2023-01-23 09:05:00.069080
333.0,470.0,2-3,2023-01-23 09:05:00.083085
333.0,470.0,2-3,2023-01-23 09:05:00.086994
333.0,471.0,2-3,2023-01-23 09:05:00.092391
333.0,471.0,2-3,2023-01-23 09:05:00.095360
333.0,471.0,2-3,2023-01-23 09:05:00.120197
333.0,471.0,2-3,2023-01-23 09:05:00.125066
333.0,471.0,2-3,2023-01-23 09:05:00.131615
334.0,471.0,2-3,2023-01-23 09:05:00.147316
334.0,471.0,2-3,2023-01-23 09:05:00.165003
334.0,471.0,2-3,2023-01-23 09:05:00.167662
334.0,471.0,2-3,2023-01-23 09:05:00.177945
334.0,471.0,2-3,2023-01-23 09:05:00.185082
334.0,471.0,2-3,2023-01-23 09:05:00.190688
334.0,471.0,2-3,2023-01-23 09:05:00.194303
336.0,472.0,2-3,2023-01-23 09:05:00.198419
336.0,471.0,2-3,2023-01-23 09:05:00.202286
336.0,471.0,2-3,2023-01-23 09:05:00.208305
336.0,471.0,2-3,2023-01-23 09:05:00.231167
335.0,471.0,2-3,2023-01-23 09:05:00.235147
336.0,471.0,2-3,2023-01-23 09:05:00.240400
337.0,397.0,3-2,2023-01-23 09:05:00.245736
348.0,388.0,3-2,2023-01-23 09:05:00.250881
358.0,383.0,3-2,2023-01-23 09:05:00.255803
376.0,373.0,3-2,2023-01-23 09:05:00.260447
401.0,356.0,3-2,2023-01-23 09:05:00.266592
403.0,353.0,3-2,2023-01-23 09:05:00.271399
414.0,351.0,3-2,2023-01-23 09:05:00.275586
420.0,346.0,3-2,2023-01-23 09:05:00.279230
434.0,341.0,3-2,2023-01-23 09:05:00.283889
451.0,334.0,3-2,2023-01-23 09:05:00.287454
468.0,330.0,3-2,2023-01-23 09:05:00.292198
482.0,325.0,3-2,2023-01-23 09:05:00.295252
486.0,308.0,3-2,2023-01-23 09:05:00.300580
526.0,320.0,3-2,2023-01-23 09:05:00.304502
540.0,319.0,3-2,2023-01-23 09:05:00.308894
557.0,324.0,3-2,2023-01-23 09:05:00.311580
583.0,334.0,3-2,2023-01-23 09:05:00.315440
593.0,338.0,3-2,2023-01-23 09:05:00.318730
607.0,348.0,3-2,2023-01-23 09:05:00.323761
622.0,362.0,3-2,2023-01-23 09:05:00.326146
627.0,368.0,3-2,2023-01-23 09:05:00.327854
642.0,378.0,3-2,2023-01-23 09:05:00.331848
653.0,394.0,3-2,2023-01-23 09:05:00.335469
659.0,402.0,3-2,2023-01-23 09:05:00.349766
671.0,417.0,3-2,2023-01-23 09:05:00.354664
681.0,434.0,3-2,2023-01-23 09:05:00.358692
690.0,448.0,3-2,2023-01-23 09:05:00.362398
700.0,467.0,3-2,2023-01-23 09:05:00.365876
699.0,471.0,3-2,2023-01-23 09:05:00.370739
709.0,492.0,3-2,2023-01-23 09:05:00.374893
714.0,505.0,3-2,2023-01-23 09:05:00.377191
720.0,522.0,3-2,2023-01-23 09:05:00.384243
724.0,532.0,3-2,2023-01-23 09:05:00.397523
726.0,542.0,3-2,2023-01-23 09:05:00.401059
726.0,547.0,3-2,2023-01-23 09:05:00.421671
731.0,550.0,3-2,2023-01-23 09:05:00.427424
732.0,553.0,3-2,2023-01-23 09:05:00.434146
733.0,553.0,3-2,2023-01-23 09:05:00.437945
734.0,552.0,3-2,2023-01-23 09:05:00.442892
735.0,550.0,3-2,2023-01-23 09:05:00.446973
735.0,551.0,3-2,2023-01-23 09:05:00.450721
737.0,550.0,3-2,2023-01-23 09:05:00.453342
337.0,397.0,3-2,2023-01-23 09:05:00.501754
348.0,388.0,3-2,2023-01-23 09:05:00.508860
358.0,383.0,3-2,2023-01-23 09:05:00.514004
376.0,373.0,3-2,2023-01-23 09:05:00.524853
401.0,356.0,3-2,2023-01-23 09:05:00.532015
403.0,353.0,3-2,2023-01-23 09:05:00.538108
414.0,351.0,3-2,2023-01-23 09:05:00.543772
420.0,346.0,3-2,2023-01-23 09:05:00.550945
434.0,341.0,3-2,2023-01-23 09:05:00.573373
451.0,334.0,3-2,2023-01-23 09:05:00.578907
468.0,330.0,3-2,2023-01-23 09:05:00.586271
482.0,325.0,3-2,2023-01-23 09:05:00.593353
486.0,308.0,3-2,2023-01-23 09:05:00.600255
526.0,320.0,3-2,2023-01-23 09:05:00.606685
540.0,319.0,3-2,2023-01-23 09:05:00.612843
557.0,324.0,3-2,2023-01-23 09:05:00.620386
583.0,334.0,3-2,2023-01-23 09:05:00.626513
593.0,338.0,3-2,2023-01-23 09:05:00.632865
607.0,348.0,3-2,2023-01-23 09:05:00.638802
622.0,362.0,3-2,2023-01-23 09:05:00.644961
627.0,368.0,3-2,2023-01-23 09:05:00.651335
642.0,378.0,3-2,2023-01-23 09:05:00.656521
653.0,394.0,3-2,2023-01-23 09:05:00.662053
659.0,402.0,3-2,2023-01-23 09:05:00.666045
671.0,417.0,3-2,2023-01-23 09:05:00.669514
681.0,434.0,3-2,2023-01-23 09:05:00.674510
690.0,448.0,3-2,2023-01-23 09:05:00.682630
700.0,467.0,3-2,2023-01-23 09:05:00.686327
699.0,471.0,3-2,2023-01-23 09:05:00.692579
709.0,492.0,3-2,2023-01-23 09:05:00.703986
714.0,505.0,3-2,2023-01-23 09:05:00.717504
720.0,522.0,3-2,2023-01-23 09:05:00.725135
724.0,532.0,3-2,2023-01-23 09:05:00.729019
726.0,542.0,3-2,2023-01-23 09:05:00.740126
726.0,547.0,3-2,2023-01-23 09:05:00.744292
731.0,550.0,3-2,2023-01-23 09:05:00.767891
732.0,553.0,3-2,2023-01-23 09:05:00.771855
733.0,553.0,3-2,2023-01-23 09:05:00.775197
734.0,552.0,3-2,2023-01-23 09:05:00.777303
735.0,550.0,3-2,2023-01-23 09:05:00.779659
735.0,551.0,3-2,2023-01-23 09:05:00.785244
737.0,550.0,3-2,2023-01-23 09:05:00.793817
738.0,549.0,3-2,2023-01-23 09:05:00.799324
743.0,544.0,3-2,2023-01-23 09:05:00.803820
743.0,540.0,3-2,2023-01-23 09:05:00.811695
337.0,397.0,3-2,2023-01-23 09:05:00.900415
348.0,388.0,3-2,2023-01-23 09:05:00.903729
358.0,383.0,3-2,2023-01-23 09:05:00.907458
376.0,373.0,3-2,2023-01-23 09:05:00.910513
401.0,356.0,3-2,2023-01-23 09:05:00.915079
403.0,353.0,3-2,2023-01-23 09:05:00.918739
414.0,351.0,3-2,2023-01-23 09:05:00.921558
420.0,346.0,3-2,2023-01-23 09:05:00.924122
434.0,341.0,3-2,2023-01-23 09:05:00.926930
451.0,334.0,3-2,2023-01-23 09:05:00.932908
468.0,330.0,3-2,2023-01-23 09:05:00.936559
482.0,325.0,3-2,2023-01-23 09:05:00.940835
486.0,308.0,3-2,2023-01-23 09:05:00.944553
526.0,320.0,3-2,2023-01-23 09:05:00.949023
540.0,319.0,3-2,2023-01-23 09:05:00.950527
557.0,324.0,3-2,2023-01-23 09:05:00.953114
583.0,334.0,3-2,2023-01-23 09:05:00.960496
593.0,338.0,3-2,2023-01-23 09:05:00.964646
607.0,348.0,3-2,2023-01-23 09:05:00.969005
622.0,362.0,3-2,2023-01-23 09:05:00.972582
627.0,368.0,3-2,2023-01-23 09:05:00.977019
642.0,378.0,3-2,2023-01-23 09:05:00.979983
653.0,394.0,3-2,2023-01-23 09:05:00.984463
659.0,402.0,3-2,2023-01-23 09:05:00.989073
671.0,417.0,3-2,2023-01-23 09:05:00.991410
681.0,434.0,3-2,2023-01-23 09:05:00.995283
690.0,448.0,3-2,2023-01-23 09:05:00.997188
700.0,467.0,3-2,2023-01-23 09:05:01.002148
699.0,471.0,3-2,2023-01-23 09:05:01.009489
709.0,492.0,3-2,2023-01-23 09:05:01.011094
714.0,505.0,3-2,2023-01-23 09:05:01.012349
720.0,522.0,3-2,2023-01-23 09:05:01.015201
724.0,532.0,3-2,2023-01-23 09:05:01.018778
726.0,542.0,3-2,2023-01-23 09:05:01.031548
726.0,547.0,3-2,2023-01-23 09:05:01.033312
731.0,550.0,3-2,2023-01-23 09:05:01.034727
732.0,553.0,3-2,2023-01-23 09:05:01.037558
733.0,553.0,3-2,2023-01-23 09:05:01.043112
734.0,552.0,3-2,2023-01-23 09:05:01.046778
735.0,550.0,3-2,2023-01-23 09:05:01.050100
735.0,551.0,3-2,2023-01-23 09:05:01.053949
737.0,550.0,3-2,2023-01-23 09:05:01.055659
738.0,549.0,3-2,2023-01-23 09:05:01.057539
743.0,544.0,3-2,2023-01-23 09:05:01.060208
743.0,540.0,3-2,2023-01-23 09:05:01.062034
744.0,540.0,3-2,2023-01-23 09:05:01.065123
745.0,537.0,3-2,2023-01-23 09:05:01.068420
